contrast2_mean,contrast3_mean,mfcc5_mean,contrast5_mean,mfcc4_mean,mfcc3_std,contrast4_mean,duration_s,contrast4_std,mfcc1_mean,flatness_std,contrast6_std,contrast5_std,contrast3_std,contrast7_std,mfcc1_std,mfcc4_std,contrast2_std,flatness_mean,mfcc2_mean,class,filename
16.42,17.85,1.25,19.34,-4.15,44.12,18.91,5.0,3.85,-312.45,0.021,4.25,4.12,3.95,4.85,98.42,26.45,4.82,0.014,142.15,101 - Dog,1-100032-A.ogg
15.85,18.12,-0.45,20.15,-2.85,46.32,19.45,5.0,4.12,-305.18,0.024,4.52,4.35,4.15,5.12,102.15,28.12,5.15,0.016,138.92,101 - Dog,1-110389-A.ogg
17.15,18.92,3.12,18.85,-6.25,42.85,18.35,5.0,3.62,-325.65,0.018,4.05,3.85,3.72,4.62,94.35,24.85,4.55,0.012,146.35,101 - Dog,1-30226-A.ogg
16.12,17.45,0.85,19.82,-3.45,45.65,19.12,5.0,3.98,-318.92,0.022,4.38,4.22,4.02,4.95,100.25,27.35,4.95,0.015,140.75,101 - Dog,1-30344-A.ogg
15.45,17.12,-1.15,20.45,-1.95,47.82,19.75,5.0,4.25,-298.45,0.026,4.65,4.48,4.28,5.25,105.42,29.15,5.32,0.018,135.45,101 - Dog,1-32318-A.ogg
16.78,18.45,2.45,19.15,-5.12,43.45,18.62,5.0,3.75,-320.15,0.019,4.15,3.95,3.82,4.75,96.15,25.65,4.68,0.013,144.82,101 - Dog,1-59513-A.ogg
16.25,17.95,1.65,19.55,-3.85,44.92,19.05,5.0,3.92,-314.75,0.021,4.32,4.15,3.98,4.88,99.15,26.95,4.88,0.015,141.65,101 - Dog,1-85362-A.ogg
15.95,17.65,0.25,20.02,-2.45,46.15,19.32,5.0,4.08,-308.65,0.023,4.45,4.28,4.12,5.05,101.45,27.85,5.08,0.016,139.45,101 - Dog,1-97392-A.ogg
17.05,18.75,2.85,18.95,-5.85,43.12,18.48,5.0,3.68,-323.45,0.019,4.10,3.88,3.78,4.68,95.12,25.15,4.62,0.013,145.75,101 - Dog,2-114280-A.ogg
16.35,18.05,1.45,19.45,-4.02,44.35,18.98,5.0,3.88,-313.82,0.022,4.28,4.10,3.95,4.82,98.75,26.75,4.85,0.014,142.35,101 - Dog,2-114587-A.ogg
15.75,17.35,-0.65,20.25,-2.15,47.05,19.55,5.0,4.18,-302.15,0.025,4.58,4.42,4.22,5.18,103.85,28.65,5.22,0.017,137.15,101 - Dog,2-116400-A.ogg
16.92,18.62,2.65,19.02,-5.45,43.25,18.55,5.0,3.72,-321.85,0.019,4.12,3.92,3.80,4.72,95.85,25.45,4.65,0.013,145.15,101 - Dog,2-117271-A.ogg
16.15,17.82,0.95,19.72,-3.25,45.45,19.18,5.0,3.95,-317.45,0.022,4.35,4.18,4.00,4.92,99.85,27.15,4.92,0.015,141.15,101 - Dog,2-118072-A.ogg
15.65,17.25,-0.85,20.35,-1.85,47.45,19.65,5.0,4.22,-300.45,0.025,4.62,4.45,4.25,5.22,104.75,28.95,5.28,0.017,136.25,101 - Dog,2-118964-A.ogg
16.85,18.52,2.55,19.08,-5.32,43.32,18.52,5.0,3.70,-321.15,0.019,4.11,3.91,3.79,4.70,95.65,25.35,4.64,0.013,145.05,101 - Dog,2-122104-A.ogg
16.05,17.75,0.75,19.78,-3.15,45.55,19.22,5.0,3.97,-317.95,0.022,4.37,4.20,4.01,4.94,100.15,27.25,4.94,0.015,140.95,101 - Dog,2-122104-B.ogg
17.25,18.98,3.25,18.78,-6.35,42.75,18.32,5.0,3.60,-326.15,0.018,4.02,3.82,3.70,4.60,94.15,24.75,4.52,0.012,146.65,101 - Dog,3-136288-A.ogg
15.55,17.18,-0.95,20.42,-1.75,47.65,19.72,5.0,4.24,-299.45,0.026,4.64,4.47,4.27,5.24,105.15,29.05,5.30,0.018,135.85,101 - Dog,3-144028-A.ogg
16.65,18.35,2.25,19.22,-4.85,43.65,18.72,5.0,3.78,-319.45,0.020,4.18,3.98,3.85,4.78,96.65,25.85,4.72,0.014,144.15,101 - Dog,3-155312-A.ogg
16.32,18.02,1.35,19.48,-3.95,44.42,18.95,5.0,3.89,-314.15,0.022,4.29,4.11,3.96,4.83,98.85,26.82,4.86,0.014,142.22,101 - Dog,3-157695-A.ogg
15.82,17.42,-0.55,20.22,-2.25,46.95,19.52,5.0,4.16,-303.15,0.024,4.56,4.40,4.20,5.16,103.45,28.52,5.20,0.017,137.45,101 - Dog,3-163459-A.ogg
16.72,18.42,2.35,19.18,-5.02,43.52,18.68,5.0,3.76,-319.85,0.020,4.16,3.96,3.84,4.76,96.35,25.72,4.70,0.014,144.45,101 - Dog,3-170015-A.ogg
16.18,17.88,1.05,19.68,-3.35,45.35,19.15,5.0,3.94,-316.85,0.022,4.34,4.17,3.99,4.91,99.65,27.05,4.91,0.015,141.35,101 - Dog,3-180256-A.ogg
15.68,17.28,-0.75,20.32,-1.92,47.35,19.62,5.0,4.20,-301.15,0.025,4.60,4.44,4.24,5.20,104.45,28.85,5.26,0.017,136.55,101 - Dog,3-180977-A.ogg
16.88,18.55,2.58,19.05,-5.38,43.28,18.50,5.0,3.69,-321.45,0.019,4.10,3.90,3.78,4.69,95.55,25.30,4.63,0.013,145.25,101 - Dog,4-182395-A.ogg
16.02,17.72,0.72,19.80,-3.12,45.58,19.25,5.0,3.98,-318.15,0.022,4.38,4.21,4.02,4.95,100.25,27.28,4.95,0.015,140.85,101 - Dog,4-183992-A.ogg
17.22,18.95,3.22,18.80,-6.32,42.78,18.35,5.0,3.62,-325.85,0.018,4.04,3.84,3.72,4.62,94.25,24.78,4.54,0.012,146.55,101 - Dog,4-184575-A.ogg
15.52,17.15,-0.98,20.45,-1.72,47.68,19.75,5.0,4.26,-299.15,0.026,4.66,4.49,4.29,5.26,105.25,29.08,5.32,0.018,135.75,101 - Dog,4-191687-A.ogg
16.62,18.32,2.22,19.25,-4.82,43.68,18.75,5.0,3.80,-319.15,0.020,4.20,4.00,3.87,4.80,96.75,25.88,4.74,0.014,144.05,101 - Dog,4-192236-A.ogg
16.28,17.98,1.32,19.51,-3.92,44.45,18.98,5.0,3.91,-314.45,0.022,4.31,4.13,3.98,4.85,98.95,26.85,4.88,0.014,142.15,101 - Dog,4-194754-A.ogg
15.78,17.38,-0.58,20.25,-2.22,46.98,19.55,5.0,4.18,-302.85,0.024,4.58,4.42,4.22,5.18,103.65,28.55,5.22,0.017,137.35,101 - Dog,4-199261-A.ogg
16.68,18.38,2.32,19.21,-4.99,43.55,18.71,5.0,3.78,-319.55,0.020,4.18,3.98,3.86,4.78,96.45,25.75,4.72,0.014,144.35,101 - Dog,4-207124-A.ogg
16.12,17.82,1.02,19.71,-3.32,45.38,19.18,5.0,3.96,-316.55,0.022,4.36,4.19,4.01,4.93,99.75,27.08,4.93,0.015,141.25,101 - Dog,5-203128-A.ogg
15.62,17.22,-0.78,20.35,-1.89,47.38,19.65,5.0,4.22,-300.85,0.025,4.62,4.46,4.26,5.22,104.55,28.88,5.28,0.017,136.45,101 - Dog,5-203128-B.ogg
16.82,18.49,2.52,19.11,-5.32,43.35,18.56,5.0,3.72,-321.15,0.019,4.12,3.92,3.80,4.72,95.75,25.42,4.66,0.013,144.95,101 - Dog,5-208030-A.ogg
16.08,17.78,0.78,19.75,-3.18,45.52,19.20,5.0,3.95,-317.65,0.022,4.36,4.19,4.00,4.92,100.05,27.20,4.92,0.015,141.05,101 - Dog,5-212454-A.ogg
17.18,18.91,3.18,18.83,-6.28,42.82,18.38,5.0,3.64,-325.55,0.018,4.06,3.86,3.74,4.64,94.35,24.82,4.56,0.012,146.45,101 - Dog,5-213855-A.ogg
15.48,17.11,-1.02,20.48,-1.68,47.72,19.78,5.0,4.28,-298.85,0.026,4.68,4.51,4.31,5.28,105.35,29.12,5.34,0.018,135.65,101 - Dog,5-217158-A.ogg
16.58,18.28,2.18,19.28,-4.78,43.72,18.78,5.0,3.82,-318.85,0.020,4.22,4.02,3.89,4.82,96.85,25.92,4.76,0.014,143.95,101 - Dog,5-231762-A.ogg
16.24,17.94,1.28,19.54,-3.88,44.48,19.01,5.0,3.93,-314.15,0.022,4.33,4.15,4.00,4.87,99.05,26.88,4.90,0.014,142.05,101 - Dog,5-9032-A.ogg
21.45,23.85,42.15,28.65,34.12,52.35,24.85,5.0,5.12,-245.15,0.028,5.62,5.85,5.42,5.88,118.45,34.25,5.45,0.024,78.45,102 - Rooster,1-26806-A.ogg
22.15,24.32,45.62,29.45,36.85,54.12,25.35,5.0,5.35,-238.45,0.031,5.85,6.12,5.65,6.15,122.15,36.12,5.75,0.027,74.12,102 - Rooster,1-27724-A.ogg
20.85,23.15,39.45,27.85,31.45,50.15,24.12,5.0,4.85,-252.15,0.025,5.35,5.55,5.15,5.58,114.35,32.45,5.15,0.021,82.35,102 - Rooster,1-34119-A.ogg
21.85,24.05,43.85,29.02,35.45,53.25,25.05,5.0,5.22,-241.65,0.029,5.72,5.98,5.52,6.02,120.25,35.15,5.62,0.025,76.25,102 - Rooster,1-34119-B.ogg
22.45,24.65,47.12,29.85,38.15,55.45,25.65,5.0,5.48,-235.15,0.033,6.02,6.28,5.82,6.32,124.45,37.35,5.95,0.029,71.85,102 - Rooster,1-39923-A.ogg
21.15,23.52,40.85,28.25,32.85,51.25,24.52,5.0,4.98,-248.85,0.026,5.48,5.72,5.28,5.75,116.15,33.55,5.32,0.023,80.45,102 - Rooster,1-40730-A.ogg
21.65,23.95,43.12,28.85,34.85,52.85,24.95,5.0,5.18,-243.45,0.028,5.68,5.92,5.48,5.95,119.15,34.85,5.55,0.025,77.35,102 - Rooster,1-43382-A.ogg
22.05,24.25,44.95,29.35,36.25,53.85,25.25,5.0,5.30,-239.85,0.030,5.80,6.05,5.60,6.10,121.45,35.85,5.70,0.026,75.05,102 - Rooster,1-44831-A.ogg
20.95,23.35,39.95,28.05,31.95,50.65,24.32,5.0,4.90,-250.65,0.025,5.40,5.62,5.20,5.65,115.15,32.95,5.22,0.022,81.45,102 - Rooster,2-100786-A.ogg
21.75,24.12,43.55,28.95,35.15,53.05,25.00,5.0,5.20,-242.45,0.029,5.70,5.95,5.50,5.98,119.75,35.02,5.58,0.025,76.85,102 - Rooster,2-65750-A.ogg
22.35,24.55,46.55,29.75,37.65,55.05,25.55,5.0,5.42,-236.45,0.032,5.95,6.22,5.78,6.25,123.85,36.95,5.88,0.028,72.65,102 - Rooster,2-71162-A.ogg
21.25,23.65,41.45,28.45,33.45,51.65,24.65,5.0,5.02,-247.15,0.027,5.52,5.78,5.32,5.80,116.85,33.95,5.38,0.023,79.65,102 - Rooster,2-81270-A.ogg
21.95,24.18,44.45,29.22,35.85,53.55,25.18,5.0,5.26,-240.65,0.030,5.76,6.02,5.56,6.06,120.85,35.55,5.66,0.026,75.65,102 - Rooster,2-95035-A.ogg
22.55,24.75,47.85,30.05,38.65,55.85,25.78,5.0,5.52,-233.85,0.034,6.08,6.35,5.88,6.38,125.15,37.85,6.02,0.030,71.15,102 - Rooster,2-95258-A.ogg
21.05,23.45,40.45,28.15,32.45,50.95,24.42,5.0,4.94,-249.65,0.026,5.44,5.68,5.24,5.70,115.65,33.25,5.28,0.022,80.95,102 - Rooster,2-95258-B.ogg
21.82,24.08,43.72,29.00,35.32,53.18,25.02,5.0,5.21,-241.95,0.029,5.71,5.97,5.51,6.00,120.05,35.08,5.60,0.025,76.55,102 - Rooster,2-96460-A.ogg
22.25,24.48,46.12,29.62,37.25,54.75,25.48,5.0,5.39,-237.25,0.031,5.91,6.18,5.72,6.20,123.25,36.65,5.82,0.028,73.25,102 - Rooster,3-107219-A.ogg
21.35,23.72,41.95,28.52,33.95,51.95,24.72,5.0,5.08,-245.95,0.027,5.58,5.82,5.38,5.86,117.45,34.35,5.42,0.024,78.95,102 - Rooster,3-116135-A.ogg
22.02,24.22,44.75,29.28,36.12,53.72,25.22,5.0,5.28,-240.15,0.030,5.78,6.04,5.58,6.08,121.15,35.72,5.68,0.026,75.25,102 - Rooster,3-134049-A.ogg
21.55,23.88,42.85,28.78,34.62,52.68,24.90,5.0,5.16,-244.15,0.028,5.66,5.90,5.45,5.92,118.85,34.68,5.52,0.025,77.75,102 - Rooster,3-137152-A.ogg
22.42,24.62,46.95,29.80,37.95,55.32,25.62,5.0,5.46,-235.65,0.033,5.99,6.26,5.80,6.30,124.25,37.22,5.92,0.029,72.15,102 - Rooster,3-145382-A.ogg
21.18,23.58,41.15,28.32,33.15,51.42,24.58,5.0,5.00,-248.15,0.026,5.50,5.75,5.30,5.78,116.45,33.72,5.35,0.023,80.15,102 - Rooster,3-149189-A.ogg
21.72,24.02,43.42,28.92,35.02,52.98,24.98,5.0,5.19,-242.75,0.029,5.69,5.94,5.49,5.96,119.55,34.95,5.56,0.025,77.05,102 - Rooster,3-154957-A.ogg
22.12,24.38,45.45,29.50,36.72,54.28,25.38,5.0,5.36,-238.15,0.031,5.86,6.14,5.66,6.16,122.45,36.28,5.76,0.027,73.85,102 - Rooster,3-163288-A.ogg
21.42,23.78,42.35,28.62,34.25,52.45,24.82,5.0,5.14,-244.75,0.028,5.64,5.88,5.44,5.90,118.25,34.45,5.48,0.024,78.25,102 - Rooster,4-164021-A.ogg
21.92,24.15,44.25,29.18,35.72,53.45,25.15,5.0,5.25,-241.15,0.030,5.75,6.01,5.55,6.05,120.65,35.45,5.64,0.026,75.85,102 - Rooster,4-164064-A.ogg
22.52,24.72,47.65,30.00,38.45,55.72,25.75,5.0,5.50,-234.15,0.034,6.06,6.33,5.86,6.36,124.95,37.72,6.00,0.030,71.35,102 - Rooster,4-164064-B.ogg
21.02,23.42,40.25,28.10,32.25,50.85,24.38,5.0,4.92,-250.15,0.026,5.42,5.66,5.22,5.68,115.45,33.12,5.25,0.022,81.15,102 - Rooster,4-164064-C.ogg
21.78,24.05,43.62,28.98,35.22,53.12,25.01,5.0,5.20,-242.15,0.029,5.70,5.96,5.50,5.99,119.85,35.05,5.59,0.025,76.65,102 - Rooster,4-164859-A.ogg
22.28,24.51,46.22,29.68,37.32,54.82,25.51,5.0,5.40,-236.95,0.032,5.92,6.19,5.74,6.22,123.45,36.72,5.84,0.028,73.05,102 - Rooster,4-170078-A.ogg
21.32,23.68,41.75,28.48,33.75,51.82,24.68,5.0,5.05,-246.45,0.027,5.55,5.80,5.35,5.83,117.15,34.15,5.40,0.023,79.25,102 - Rooster,4-183487-A.ogg
21.98,24.20,44.62,29.25,36.02,53.65,25.20,5.0,5.27,-240.35,0.030,5.77,6.03,5.57,6.07,120.95,35.62,5.67,0.026,75.45,102 - Rooster,4-208021-A.ogg
21.52,23.85,42.72,28.75,34.52,52.62,24.88,5.0,5.15,-244.45,0.028,5.65,5.89,5.44,5.91,118.65,34.62,5.50,0.025,77.95,102 - Rooster,5-194930-A.ogg
22.38,24.58,46.75,29.78,37.82,55.22,25.59,5.0,5.44,-235.95,0.033,5.97,6.24,5.79,6.28,124.05,37.12,5.90,0.029,72.35,102 - Rooster,5-194930-B.ogg
21.15,23.55,41.02,28.28,33.02,51.35,24.55,5.0,4.99,-248.45,0.026,5.49,5.74,5.29,5.76,116.25,33.65,5.34,0.023,80.25,102 - Rooster,5-200334-A.ogg
21.68,23.98,43.32,28.89,34.92,52.92,24.95,5.0,5.18,-243.15,0.029,5.68,5.93,5.48,5.95,119.35,34.88,5.55,0.025,77.15,102 - Rooster,5-200334-B.ogg
22.08,24.35,45.32,29.48,36.62,54.18,25.35,5.0,5.35,-238.45,0.031,5.85,6.12,5.65,6.15,122.25,36.22,5.75,0.027,74.05,102 - Rooster,5-200339-A.ogg
21.38,23.75,42.15,28.58,34.12,52.38,24.78,5.0,5.12,-245.15,0.028,5.62,5.86,5.42,5.88,117.95,34.38,5.46,0.024,78.55,102 - Rooster,5-233160-A.ogg
21.88,24.12,44.12,29.15,35.62,53.38,25.12,5.0,5.24,-241.45,0.030,5.74,6.00,5.54,6.04,120.45,35.38,5.63,0.026,76.05,102 - Rooster,5-234879-A.ogg
22.48,24.68,47.45,29.95,38.32,55.62,25.72,5.0,5.49,-234.65,0.033,6.04,6.31,5.85,6.34,124.75,37.62,5.98,0.029,71.55,102 - Rooster,5-234879-B.ogg
13.85,14.65,-4.15,17.15,-14.25,38.15,16.45,5.0,3.62,-355.15,0.042,3.85,3.65,3.68,3.95,88.45,24.15,3.75,0.038,128.45,103 - Pig,1-208757-A.ogg
14.45,15.12,-2.25,17.85,-12.15,40.35,16.95,5.0,3.85,-348.65,0.046,4.12,3.92,3.95,4.22,92.15,25.85,4.02,0.042,124.15,103 - Pig,1-208757-B.ogg
13.25,14.15,-6.15,16.45,-16.45,36.05,15.95,5.0,3.38,-362.45,0.038,3.58,3.38,3.42,3.68,84.75,22.45,3.48,0.034,132.85,103 - Pig,1-208757-C.ogg
14.15,14.88,-3.15,17.52,-13.15,39.25,16.72,5.0,3.72,-351.95,0.044,3.98,3.78,3.82,4.08,90.35,25.02,3.88,0.040,126.35,103 - Pig,1-208757-D.ogg
14.75,15.45,-1.25,18.15,-11.05,41.45,17.25,5.0,3.98,-345.15,0.048,4.28,4.08,4.12,4.38,94.05,26.65,4.18,0.044,121.85,103 - Pig,1-208757-E.ogg
13.55,14.42,-5.15,16.82,-15.25,37.15,16.22,5.0,3.50,-358.85,0.040,3.72,3.52,3.55,3.82,86.85,23.35,3.62,0.036,130.65,103 - Pig,1-260640-A.ogg
14.05,14.78,-3.45,17.38,-13.45,38.85,16.58,5.0,3.68,-353.45,0.043,3.92,3.72,3.75,4.02,89.65,24.72,3.82,0.039,127.35,103 - Pig,1-260640-B.ogg
14.35,15.05,-2.55,17.72,-12.45,39.95,16.85,5.0,3.80,-349.85,0.045,4.05,3.85,3.88,4.15,91.45,25.52,3.95,0.041,124.95,103 - Pig,1-260640-C.ogg
13.45,14.32,-5.45,16.68,-15.65,36.85,16.12,5.0,3.45,-360.15,0.039,3.68,3.48,3.50,3.78,86.15,23.05,3.58,0.035,131.45,103 - Pig,2-158746-A.ogg
14.25,14.95,-2.85,17.62,-12.85,39.55,16.78,5.0,3.76,-350.85,0.044,4.02,3.82,3.85,4.12,90.85,25.25,3.92,0.040,125.65,103 - Pig,2-158746-B.ogg
14.65,15.35,-1.55,18.05,-11.35,41.15,17.15,5.0,3.94,-346.45,0.047,4.22,4.02,4.05,4.32,93.45,26.35,4.12,0.043,122.75,103 - Pig,2-158746-C.ogg
13.75,14.55,-4.45,17.02,-14.65,37.85,16.38,5.0,3.58,-356.45,0.041,3.80,3.60,3.62,3.90,87.85,23.85,3.70,0.037,129.45,103 - Pig,2-158746-D.ogg
14.18,14.92,-3.02,17.58,-13.02,39.42,16.75,5.0,3.74,-351.45,0.044,4.00,3.80,3.84,4.10,90.65,25.12,3.90,0.040,125.95,103 - Pig,2-166644-A.ogg
14.85,15.52,-0.95,18.25,-10.75,41.85,17.32,5.0,4.02,-343.85,0.049,4.35,4.15,4.18,4.45,94.85,27.05,4.25,0.045,120.95,103 - Pig,2-166644-B.ogg
13.35,14.25,-5.85,16.55,-16.05,36.45,16.02,5.0,3.42,-361.45,0.038,3.62,3.42,3.46,3.72,85.45,22.75,3.52,0.034,132.15,103 - Pig,2-166644-C.ogg
13.95,14.72,-3.75,17.25,-13.85,38.55,16.52,5.0,3.65,-354.45,0.042,3.88,3.68,3.70,3.98,89.15,24.45,3.78,0.038,127.95,103 - Pig,2-37870-A.ogg
14.55,15.25,-1.85,17.95,-11.75,40.75,17.05,5.0,3.90,-347.45,0.046,4.18,3.98,4.00,4.28,92.85,26.05,4.08,0.042,123.45,103 - Pig,3-233151-A.ogg
13.65,14.48,-4.85,16.92,-14.95,37.45,16.28,5.0,3.54,-357.45,0.040,3.75,3.55,3.58,3.85,87.25,23.55,3.66,0.036,130.15,103 - Pig,3-253081-A.ogg
14.28,15.02,-2.68,17.68,-12.65,39.75,16.82,5.0,3.78,-350.15,0.045,4.04,3.84,3.86,4.14,91.25,25.42,3.94,0.041,125.15,103 - Pig,3-253084-A.ogg
13.88,14.68,-3.95,17.18,-14.05,38.25,16.48,5.0,3.64,-354.85,0.042,3.86,3.66,3.69,3.96,88.75,24.28,3.76,0.038,128.15,103 - Pig,3-253084-B.ogg
14.68,15.38,-1.45,18.08,-11.22,41.25,17.18,5.0,3.96,-346.15,0.047,4.24,4.04,4.07,4.35,93.65,26.45,4.14,0.043,122.45,103 - Pig,3-253084-C.ogg
13.48,14.35,-5.35,16.72,-15.52,36.95,16.15,5.0,3.46,-359.85,0.039,3.70,3.50,3.52,3.80,86.35,23.15,3.60,0.035,131.25,103 - Pig,3-253084-D.ogg
14.12,14.85,-3.25,17.48,-13.25,39.15,16.68,5.0,3.70,-352.45,0.043,3.96,3.76,3.80,4.06,90.15,24.95,3.86,0.039,126.65,103 - Pig,3-253084-E.ogg
14.48,15.18,-2.05,17.88,-11.95,40.55,16.98,5.0,3.88,-348.15,0.046,4.15,3.95,3.98,4.25,92.45,25.95,4.05,0.042,123.85,103 - Pig,3-257858-A.ogg
13.78,14.58,-4.35,17.08,-14.45,37.95,16.42,5.0,3.60,-355.85,0.041,3.82,3.62,3.65,3.92,88.15,23.95,3.72,0.037,129.15,103 - Pig,4-132383-A.ogg
14.32,15.05,-2.52,17.72,-12.42,39.85,16.85,5.0,3.80,-349.55,0.045,4.06,3.86,3.89,4.16,91.55,25.55,3.96,0.041,124.85,103 - Pig,4-132383-B.ogg
14.92,15.58,-0.75,18.32,-10.45,42.05,17.38,5.0,4.05,-343.15,0.050,4.38,4.18,4.22,4.48,95.15,27.25,4.28,0.046,120.45,103 - Pig,4-147240-A.ogg
13.38,14.28,-5.75,16.58,-15.92,36.55,16.05,5.0,3.44,-361.15,0.038,3.64,3.44,3.48,3.75,85.65,22.85,3.54,0.034,131.95,103 - Pig,4-147240-B.ogg
14.02,14.78,-3.55,17.32,-13.62,38.75,16.55,5.0,3.66,-353.85,0.043,3.90,3.70,3.72,4.00,89.45,24.58,3.80,0.039,127.65,103 - Pig,4-234644-A.ogg
14.58,15.28,-1.72,17.98,-11.62,40.85,17.08,5.0,3.92,-347.15,0.046,4.20,4.00,4.02,4.30,93.05,26.15,4.10,0.042,123.15,103 - Pig,4-250869-A.ogg
13.68,14.52,-4.72,16.95,-14.82,37.55,16.32,5.0,3.56,-357.15,0.040,3.78,3.58,3.60,3.88,87.45,23.68,3.68,0.036,129.85,103 - Pig,4-250869-B.ogg
14.38,15.10,-2.38,17.78,-12.28,40.05,16.88,5.0,3.82,-348.85,0.045,4.08,3.88,3.91,4.18,91.85,25.68,3.98,0.041,124.45,103 - Pig,4-250869-C.ogg
13.92,14.71,-3.85,17.21,-13.92,38.38,16.51,5.0,3.65,-354.15,0.042,3.87,3.67,3.70,3.97,88.95,24.35,3.77,0.038,127.85,103 - Pig,5-103415-A.ogg
14.72,15.42,-1.32,18.12,-11.12,41.35,17.22,5.0,3.98,-345.85,0.048,4.26,4.06,4.09,4.37,93.85,26.55,4.16,0.044,122.15,103 - Pig,5-103416-A.ogg
13.52,14.38,-5.22,16.75,-15.38,37.05,16.18,5.0,3.48,-359.45,0.039,3.72,3.52,3.55,3.82,86.55,23.25,3.62,0.035,130.95,103 - Pig,5-103418-A.ogg
14.15,14.88,-3.12,17.52,-13.12,39.25,16.71,5.0,3.72,-352.15,0.044,3.98,3.78,3.82,4.08,90.35,25.05,3.88,0.040,126.35,103 - Pig,5-103420-A.ogg
14.52,15.22,-1.92,17.92,-11.82,40.65,17.02,5.0,3.90,-347.85,0.046,4.17,3.97,4.00,4.27,92.65,26.05,4.07,0.042,123.55,103 - Pig,5-103421-A.ogg
13.82,14.62,-4.22,17.12,-14.32,38.05,16.45,5.0,3.62,-355.45,0.041,3.84,3.64,3.67,3.94,88.35,24.05,3.74,0.037,128.85,103 - Pig,5-103422-A.ogg
14.35,15.08,-2.45,17.75,-12.35,39.92,16.88,5.0,3.82,-349.15,0.045,4.07,3.87,3.90,4.17,91.75,25.62,3.97,0.041,124.65,103 - Pig,5-117250-A.ogg
14.95,15.62,-0.68,18.35,-10.35,42.15,17.42,5.0,4.06,-342.85,0.050,4.40,4.20,4.24,4.50,95.35,27.35,4.30,0.046,120.15,103 - Pig,5-127990-A.ogg
12.85,13.45,-12.15,15.45,-21.85,32.45,14.85,5.0,3.12,-332.15,0.011,3.42,3.25,3.15,3.65,76.45,19.85,3.25,0.007,156.45,104 - Cow,1-16568-A.ogg
13.45,13.92,-10.25,16.15,-19.65,34.65,15.35,5.0,3.35,-325.65,0.013,3.68,3.52,3.42,3.92,80.15,21.55,3.52,0.009,152.15,104 - Cow,1-202111-A.ogg
12.25,12.95,-14.15,14.75,-24.05,30.35,14.35,5.0,2.88,-339.45,0.009,3.15,2.98,2.88,3.38,72.75,18.15,2.98,0.005,160.85,104 - Cow,1-58277-A.ogg
13.15,13.68,-11.15,15.82,-20.75,33.55,15.12,5.0,3.22,-328.95,0.012,3.55,3.38,3.28,3.78,78.35,20.72,3.38,0.008,154.35,104 - Cow,1-69422-A.ogg
13.75,14.25,-9.25,16.45,-18.55,35.75,15.65,5.0,3.48,-322.15,0.014,3.85,3.68,3.58,4.08,82.05,22.35,3.68,0.010,149.85,104 - Cow,1-69641-A.ogg
12.55,13.22,-13.15,15.12,-22.95,31.45,14.62,5.0,3.00,-335.85,0.010,3.28,3.12,3.02,3.52,74.85,19.05,3.12,0.006,158.65,104 - Cow,1-77160-A.ogg
13.05,13.58,-11.45,15.68,-21.05,33.15,14.98,5.0,3.18,-330.45,0.011,3.48,3.32,3.22,3.72,77.65,20.42,3.32,0.008,155.35,104 - Cow,1-77241-A.ogg
13.35,13.85,-10.55,16.02,-20.05,34.25,15.25,5.0,3.30,-326.85,0.013,3.62,3.45,3.35,3.85,79.45,21.22,3.45,0.009,152.95,104 - Cow,1-81269-A.ogg
12.45,13.12,-13.45,14.98,-23.35,31.15,14.52,5.0,2.95,-337.15,0.009,3.22,3.05,2.95,3.45,74.15,18.75,3.05,0.006,159.45,104 - Cow,2-103423-A.ogg
13.25,13.75,-10.85,15.92,-20.45,33.85,15.18,5.0,3.26,-327.85,0.012,3.58,3.42,3.32,3.82,78.85,20.95,3.42,0.008,153.65,104 - Cow,2-103424-A.ogg
13.65,14.15,-9.55,16.35,-18.85,35.45,15.55,5.0,3.44,-323.45,0.014,3.78,3.62,3.52,4.02,81.45,22.05,3.62,0.010,150.75,104 - Cow,2-103426-A.ogg
12.75,13.35,-12.45,15.32,-22.25,32.15,14.78,5.0,3.08,-333.45,0.010,3.38,3.20,3.10,3.60,75.85,19.55,3.20,0.007,157.45,104 - Cow,2-103427-A.ogg
13.18,13.72,-11.02,15.88,-20.62,33.72,15.15,5.0,3.24,-328.45,0.012,3.56,3.40,3.30,3.80,78.65,20.82,3.40,0.008,153.95,104 - Cow,2-103428-A.ogg
13.85,14.32,-8.95,16.55,-18.25,36.15,15.72,5.0,3.52,-320.85,0.015,3.92,3.75,3.65,4.15,82.85,22.75,3.75,0.011,148.95,104 - Cow,2-104877-A.ogg
12.35,13.05,-13.85,14.85,-23.75,30.75,14.42,5.0,2.92,-338.45,0.009,3.18,3.02,2.92,3.42,73.45,18.45,3.02,0.005,160.15,104 - Cow,2-117795-A.ogg
12.95,13.52,-11.75,15.55,-21.45,32.85,14.92,5.0,3.15,-331.45,0.011,3.45,3.28,3.18,3.68,77.15,20.15,3.28,0.007,155.95,104 - Cow,2-117795-B.ogg
13.55,14.05,-9.85,16.25,-19.25,35.05,15.45,5.0,3.40,-324.45,0.013,3.72,3.58,3.48,3.98,80.85,21.75,3.58,0.009,151.45,104 - Cow,3-124376-A.ogg
12.65,13.28,-12.85,15.22,-22.65,31.75,14.68,5.0,3.04,-334.85,0.010,3.32,3.15,3.05,3.55,75.25,19.25,3.15,0.006,158.15,104 - Cow,3-124376-B.ogg
13.28,13.82,-10.68,15.98,-20.25,34.05,15.22,5.0,3.28,-327.15,0.013,3.60,3.44,3.34,3.84,79.25,21.12,3.44,0.009,153.15,104 - Cow,3-126358-A.ogg
12.88,13.48,-11.95,15.48,-21.65,32.55,14.88,5.0,3.14,-331.85,0.011,3.44,3.26,3.16,3.66,76.75,19.95,3.26,0.007,156.15,104 - Cow,3-126358-B.ogg
13.68,14.18,-9.45,16.38,-18.72,35.55,15.58,5.0,3.46,-323.15,0.014,3.80,3.64,3.54,4.04,81.65,22.15,3.64,0.010,150.45,104 - Cow,3-152039-A.ogg
12.48,13.15,-13.35,15.02,-23.22,31.25,14.55,5.0,2.96,-336.85,0.009,3.24,3.08,2.98,3.48,74.35,18.85,3.08,0.006,159.25,104 - Cow,3-152039-B.ogg
13.12,13.65,-11.25,15.78,-20.85,33.45,15.08,5.0,3.20,-329.45,0.012,3.52,3.36,3.26,3.76,78.15,20.65,3.36,0.008,154.65,104 - Cow,3-160993-A.ogg
13.48,13.98,-10.05,16.18,-19.55,34.85,15.38,5.0,3.38,-325.15,0.013,3.70,3.55,3.45,3.95,80.45,21.65,3.55,0.009,151.85,104 - Cow,3-163727-A.ogg
12.78,13.38,-12.35,15.38,-22.05,32.25,14.82,5.0,3.10,-332.85,0.010,3.40,3.22,3.12,3.62,76.15,19.65,3.22,0.007,157.15,104 - Cow,4-174860-A.ogg
13.32,13.85,-10.52,16.02,-20.02,34.15,15.25,5.0,3.30,-326.55,0.013,3.62,3.46,3.36,3.86,79.55,21.25,3.46,0.009,152.85,104 - Cow,4-174860-B.ogg
13.92,14.38,-8.75,16.62,-17.95,36.35,15.78,5.0,3.55,-320.15,0.015,3.95,3.78,3.68,4.18,83.15,22.95,3.78,0.011,148.45,104 - Cow,4-181955-A.ogg
12.38,13.08,-13.75,14.88,-23.62,30.85,14.45,5.0,2.94,-338.15,0.009,3.20,3.04,2.94,3.44,73.65,18.55,3.04,0.005,159.95,104 - Cow,4-181955-B.ogg
13.02,13.58,-11.55,15.62,-21.22,33.05,14.95,5.0,3.16,-330.85,0.011,3.48,3.30,3.20,3.70,77.45,20.28,3.30,0.008,155.65,104 - Cow,4-181955-C.ogg
13.58,14.08,-9.72,16.28,-19.12,35.15,15.48,5.0,3.42,-324.15,0.013,3.74,3.60,3.50,4.00,81.05,21.85,3.60,0.009,151.15,104 - Cow,4-213915-A.ogg
12.68,13.32,-12.72,15.25,-22.42,31.85,14.72,5.0,3.06,-334.15,0.010,3.35,3.18,3.08,3.58,75.45,19.38,3.18,0.006,157.85,104 - Cow,4-213915-B.ogg
13.38,13.90,-10.38,16.08,-19.88,34.35,15.28,5.0,3.32,-325.85,0.013,3.64,3.48,3.38,3.88,79.85,21.38,3.48,0.009,152.45,104 - Cow,4-213915-C.ogg
12.92,13.51,-11.85,15.51,-21.52,32.68,14.91,5.0,3.15,-331.15,0.011,3.45,3.27,3.17,3.67,76.95,20.05,3.27,0.007,155.85,104 - Cow,5-194899-A.ogg
13.72,14.22,-9.32,16.42,-18.62,35.65,15.62,5.0,3.48,-322.85,0.014,3.82,3.66,3.56,4.06,81.85,22.25,3.66,0.010,150.15,104 - Cow,5-194899-B.ogg
12.52,13.18,-13.22,15.05,-23.08,31.35,14.58,5.0,2.98,-336.45,0.010,3.26,3.10,3.00,3.50,74.55,18.95,3.10,0.006,158.95,104 - Cow,5-194899-C.ogg
13.15,13.68,-11.12,15.82,-20.72,33.55,15.11,5.0,3.22,-329.15,0.012,3.55,3.38,3.28,3.78,78.35,20.75,3.38,0.008,154.35,104 - Cow,5-194899-D.ogg
13.52,14.02,-9.92,16.22,-19.42,34.95,15.42,5.0,3.40,-324.85,0.013,3.72,3.57,3.47,3.97,80.65,21.75,3.57,0.009,151.55,104 - Cow,5-202795-A.ogg
12.82,13.42,-12.22,15.42,-21.92,32.35,14.85,5.0,3.12,-332.45,0.010,3.42,3.24,3.14,3.64,76.35,19.75,3.24,0.007,156.85,104 - Cow,5-242492-A.ogg
13.35,13.88,-10.45,16.05,-19.95,34.22,15.28,5.0,3.32,-326.15,0.013,3.63,3.47,3.37,3.87,79.75,21.32,3.47,0.009,152.65,104 - Cow,5-253085-A.ogg
13.95,14.42,-8.68,16.65,-17.85,36.45,15.82,5.0,3.56,-319.85,0.015,3.97,3.80,3.70,4.20,83.35,23.05,3.80,0.011,148.15,104 - Cow,5-253085-B.ogg
14.85,15.85,6.15,18.45,12.25,38.45,17.15,5.0,4.25,-385.15,0.075,4.65,4.52,4.12,5.12,122.45,28.15,4.25,0.068,62.45,105 - Frog,1-15689-A.ogg
15.45,16.32,8.45,19.15,14.55,40.65,17.65,5.0,4.52,-378.45,0.082,4.95,4.82,4.38,5.42,126.85,30.25,4.55,0.075,58.15,105 - Frog,1-15689-B.ogg
14.25,15.25,3.85,17.75,9.85,36.25,16.62,5.0,3.95,-392.15,0.068,4.32,4.18,3.85,4.78,117.85,25.95,3.92,0.060,66.85,105 - Frog,1-17970-A.ogg
15.15,16.05,7.15,18.82,13.25,39.55,17.42,5.0,4.38,-381.65,0.078,4.80,4.68,4.25,5.28,124.75,29.15,4.40,0.071,60.25,105 - Frog,1-18755-A.ogg
15.75,16.65,9.65,19.45,15.85,41.75,17.95,5.0,4.68,-374.85,0.085,5.12,4.98,4.55,5.60,129.45,31.45,4.72,0.079,55.85,105 - Frog,1-18755-B.ogg
14.55,15.58,5.15,18.12,11.15,37.35,16.92,5.0,4.12,-388.45,0.071,4.52,4.38,4.00,4.95,120.15,27.05,4.10,0.064,64.65,105 - Frog,1-18757-A.ogg
15.05,15.95,6.75,18.68,12.85,39.15,17.28,5.0,4.30,-383.15,0.076,4.72,4.60,4.18,5.20,123.85,28.72,4.32,0.070,61.35,105 - Frog,1-31836-A.ogg
15.35,16.25,7.85,19.02,13.95,40.25,17.55,5.0,4.45,-379.85,0.080,4.88,4.75,4.32,5.35,125.95,29.85,4.48,0.073,59.05,105 - Frog,1-31836-B.ogg
14.45,15.45,4.45,17.98,10.45,36.95,16.80,5.0,4.05,-390.15,0.070,4.45,4.30,3.95,4.88,119.15,26.55,4.02,0.062,65.45,105 - Frog,2-32515-A.ogg
15.25,16.12,7.45,18.92,13.55,39.85,17.48,5.0,4.42,-380.85,0.079,4.85,4.72,4.30,5.32,125.35,29.55,4.45,0.072,59.65,105 - Frog,2-32515-B.ogg
15.65,16.55,9.15,19.35,15.35,41.35,17.85,5.0,4.62,-376.15,0.084,5.05,4.92,4.50,5.52,128.65,31.05,4.65,0.078,56.75,105 - Frog,2-32515-C.ogg
14.75,15.75,5.85,18.32,11.85,38.05,17.08,5.0,4.20,-386.45,0.073,4.60,4.48,4.08,5.05,121.85,27.85,4.18,0.066,63.45,105 - Frog,2-32515-D.ogg
15.18,16.08,7.28,18.88,13.38,39.68,17.45,5.0,4.40,-381.25,0.078,4.82,4.70,4.28,5.30,125.05,29.35,4.42,0.072,59.95,105 - Frog,2-32834-A.ogg
15.85,16.75,10.05,19.55,16.25,42.05,18.05,5.0,4.72,-373.45,0.087,5.20,5.05,4.62,5.68,130.45,31.85,4.78,0.081,54.95,105 - Frog,2-52085-A.ogg
14.35,15.35,4.15,17.85,10.15,36.55,16.70,5.0,4.00,-391.15,0.069,4.38,4.25,3.90,4.82,118.45,26.25,3.98,0.061,66.15,105 - Frog,2-52085-B.ogg
14.95,15.88,6.45,18.55,12.55,38.75,17.20,5.0,4.28,-384.45,0.075,4.68,4.55,4.15,5.15,123.15,28.45,4.28,0.069,61.95,105 - Frog,2-52789-A.ogg
15.55,16.45,8.85,19.25,14.95,41.05,17.75,5.0,4.58,-377.15,0.083,5.00,4.88,4.45,5.48,127.85,30.75,4.60,0.077,57.45,105 - Frog,3-102908-A.ogg
14.65,15.65,5.45,18.22,11.45,37.65,16.98,5.0,4.16,-387.45,0.072,4.56,4.42,4.05,5.00,121.15,27.45,4.14,0.065,64.15,105 - Frog,3-70962-A.ogg
15.28,16.18,7.68,18.98,13.75,40.05,17.52,5.0,4.44,-380.45,0.080,4.86,4.74,4.32,5.34,125.65,29.72,4.46,0.073,59.35,105 - Frog,3-70962-B.ogg
14.88,15.82,6.25,18.48,12.35,38.55,17.15,5.0,4.26,-384.85,0.075,4.66,4.53,4.13,5.13,122.75,28.28,4.26,0.068,62.15,105 - Frog,3-70962-C.ogg
15.68,16.58,9.35,19.38,15.52,41.45,17.88,5.0,4.64,-375.85,0.084,5.07,4.94,4.52,5.54,128.95,31.22,4.67,0.078,56.45,105 - Frog,3-71964-A.ogg
14.48,15.48,4.75,18.02,10.75,37.15,16.85,5.0,4.08,-389.45,0.070,4.48,4.34,3.98,4.92,119.55,26.85,4.06,0.063,65.05,105 - Frog,3-71964-B.ogg
15.12,16.02,7.02,18.78,13.15,39.45,17.38,5.0,4.35,-382.15,0.077,4.78,4.65,4.22,5.25,124.45,29.02,4.38,0.071,60.65,105 - Frog,3-71964-C.ogg
15.48,16.38,8.25,19.08,14.35,40.45,17.62,5.0,4.50,-378.85,0.081,4.92,4.79,4.35,5.40,126.45,30.15,4.52,0.074,58.45,105 - Frog,3-83527-A.ogg
14.78,15.78,5.95,18.38,11.95,38.15,17.12,5.0,4.22,-386.15,0.073,4.62,4.49,4.10,5.08,122.15,27.95,4.20,0.067,63.15,105 - Frog,4-130584-A.ogg
15.32,16.22,7.75,19.02,13.82,40.15,17.55,5.0,4.45,-380.15,0.080,4.88,4.76,4.34,5.36,125.85,29.85,4.48,0.073,59.15,105 - Frog,4-154793-A.ogg
15.92,16.82,10.35,19.62,16.55,42.35,18.12,5.0,4.76,-372.45,0.088,5.24,5.10,4.66,5.72,130.95,32.15,4.82,0.082,54.45,105 - Frog,4-99193-A.ogg
14.38,15.38,4.25,17.88,10.25,36.65,16.75,5.0,4.02,-390.85,0.069,4.40,4.26,3.92,4.85,118.65,26.35,4.00,0.061,65.85,105 - Frog,4-99193-B.ogg
15.02,15.92,6.65,18.62,12.75,39.05,17.25,5.0,4.31,-383.65,0.076,4.73,4.61,4.19,5.21,124.05,28.85,4.33,0.070,61.15,105 - Frog,4-99644-A.ogg
15.58,16.48,8.95,19.28,15.05,41.15,17.78,5.0,4.60,-376.85,0.083,5.02,4.89,4.47,5.50,128.05,30.85,4.62,0.077,57.15,105 - Frog,4-99644-B.ogg
14.68,15.68,5.58,18.25,11.58,37.75,17.02,5.0,4.18,-387.15,0.072,4.58,4.44,4.06,5.02,121.35,27.58,4.15,0.065,63.85,105 - Frog,4-99644-C.ogg
15.38,16.28,7.98,19.08,14.08,40.35,17.58,5.0,4.48,-379.45,0.081,4.90,4.78,4.35,5.38,126.15,30.05,4.50,0.074,58.85,105 - Frog,4-99644-D.ogg
14.92,15.85,6.38,18.51,12.48,38.65,17.18,5.0,4.28,-384.15,0.075,4.69,4.56,4.16,5.16,122.95,28.45,4.28,0.068,61.85,105 - Frog,5-156026-A.ogg
15.72,16.62,9.48,19.42,15.68,41.55,17.91,5.0,4.66,-375.45,0.085,5.10,4.96,4.54,5.58,129.15,31.35,4.70,0.079,56.15,105 - Frog,5-156026-B.ogg
14.52,15.52,4.88,18.05,10.88,37.25,16.88,5.0,4.10,-389.15,0.071,4.50,4.36,3.99,4.94,119.85,26.95,4.08,0.063,64.85,105 - Frog,5-156026-C.ogg
15.15,16.05,7.15,18.82,13.25,39.55,17.41,5.0,4.38,-381.85,0.078,4.80,4.68,4.24,5.28,124.65,29.15,4.40,0.071,60.45,105 - Frog,5-156026-D.ogg
15.52,16.42,8.38,19.12,14.48,40.55,17.65,5.0,4.52,-378.45,0.082,4.94,4.82,4.38,5.42,126.65,30.25,4.54,0.075,58.15,105 - Frog,5-187201-A.ogg
14.82,15.82,6.08,18.42,12.08,38.25,17.15,5.0,4.24,-385.85,0.074,4.64,4.52,4.12,5.10,122.35,28.05,4.22,0.067,62.85,105 - Frog,5-187201-B.ogg
15.35,16.25,7.88,19.05,13.92,40.22,17.58,5.0,4.46,-379.85,0.081,4.89,4.77,4.35,5.37,126.05,29.92,4.49,0.073,58.95,105 - Frog,5-189795-A.ogg
15.95,16.85,10.48,19.65,16.68,42.45,18.15,5.0,4.78,-372.15,0.089,5.26,5.12,4.68,5.74,131.15,32.25,4.84,0.082,54.15,105 - Frog,5-237499-A.ogg
