feature_index,selected_feature,category,description
1,contrast2_mean,Spectral Contrast,Average spectral contrast in band 2 (timbre and spectral energy distribution)
2,contrast3_mean,Spectral Contrast,Average spectral contrast in band 3 (harmonic peak-to-valley ratio)
3,mfcc5_mean,MFCC,Mean of 5th Mel-Frequency Cepstral Coefficient (vocal tract resonance)
4,contrast5_mean,Spectral Contrast,Average spectral contrast in band 5 (high-mid frequency energy difference)
5,mfcc4_mean,MFCC,Mean of 4th Mel-Frequency Cepstral Coefficient (timbral brightness)
6,mfcc3_std,MFCC,Standard deviation of 3rd MFCC (temporal variation in vocal envelope)
7,contrast4_mean,Spectral Contrast,Average spectral contrast in band 4 (mid-frequency spectral peaks)
8,duration_s,Temporal,Total duration of vocalization recording in seconds
9,contrast4_std,Spectral Contrast,Standard deviation of contrast band 4 (modulation over time)
10,mfcc1_mean,MFCC,Mean of 1st MFCC (overall vocal energy and spectral power)
11,flatness_std,Spectral Flatness,Standard deviation of spectral flatness (temporal noise fluctuations)
12,contrast6_std,Spectral Contrast,Standard deviation of contrast band 6 (high frequency contrast modulation)
13,contrast5_std,Spectral Contrast,Standard deviation of contrast band 5 (mid-high modulation variance)
14,contrast3_std,Spectral Contrast,Standard deviation of contrast band 3 (harmonic modulation variance)
15,contrast7_std,Spectral Contrast,Standard deviation of contrast band 7 (upper frequency contrast modulation)
16,mfcc1_std,MFCC,Standard deviation of 1st MFCC (vocal intensity modulation)
17,mfcc4_std,MFCC,Standard deviation of 4th MFCC (timbral dynamic variation)
18,contrast2_std,Spectral Contrast,Standard deviation of contrast band 2 (low-mid modulation variance)
19,flatness_mean,Spectral Flatness,Mean spectral flatness (tonal harmonic vs. noise-like harshness)
20,mfcc2_mean,MFCC,Mean of 2nd MFCC (spectral tilt / low-frequency emphasis)
